Variable2020,Max,Min,Mean,Std,IQR
tp,0.11406556516885757,1.1436641216278076e-05,0.017825091,0.02299460768699646,0.02425815351307392
ssr,12768257.0,668.0,6382346.0,4360974.0,8161690.125
t2m,303.087890625,296.498779296875,298.769,1.321419596672058,1.5544052124023438
v10,3.4909563064575195,-0.4907798767089844,1.2920784,0.856518566608429,1.0630333125591278
sp,100265.7421875,99425.3984375,99900.95,213.41897583007812,299.974609375
